Current_1,Voltage_1,Current_2,Voltage_2,Current_3,Voltage_3,Power,Acceleration,formattedTimestamp,stringPersonalizado
0.62,254,0.63,255.3,0.68,252,283.9,9.91,09/11/2023 18:52:20,16

9.89,0.62,253.9,0.63,255.2,0.68,251.8,283.7,09/11/2023 18:52:21,16

9.98,0.62,254,0.63,255.3,0.68,251.9,283.9,09/11/2023 18:52:23,16

9.93,0.62,254,0.63,255.2,0.68,251.9,283.6,09/11/2023 18:52:25,16

9.94,0.62,254,0.63,255.3,0.68,251.9,283.6,09/11/2023 18:52:27,16

10,0.62,254.1,0.63,255.4,0.68,252,284,09/11/2023 18:52:30,16

9.88,0.62,252.4,0.62,253.7,0.68,250.4,280.1,09/11/2023 18:52:32,16

9.93,0.62,253.7,0.63,255,0.68,251.7,283.3,09/11/2023 18:52:34,16

9.94,0.62,253.5,0.62,254.9,0.68,251.6,283.1,09/11/2023 18:52:36,16

9.87,0.62,253.5,0.62,254.8,0.68,251.6,282.9,09/11/2023 18:52:39,16

9.88,0.62,253.5,0.63,254.8,0.68,251.5,283,09/11/2023 18:52:41,16

10.02,0.62,253.6,0.62,254.8,0.68,251.5,283,09/11/2023 18:52:43,16

9.84,0.62,253.6,0.62,254.5,0.68,250.4,282.1,09/11/2023 18:52:45,16

9.87,0.62,253.5,0.62,254.1,0.68,250,281.4,09/11/2023 18:52:47,16

9.9,0.62,253.5,0.62,254,0.68,250,281.1,09/11/2023 18:52:50,16

9.99,0.62,253.4,0.62,254.7,0.68,251.5,282.6,09/11/2023 18:52:52,16

9.93,0.62,253.6,0.62,254.9,0.68,251.6,283.1,09/11/2023 18:52:54,16

9.8,0.62,253.7,0.63,254.9,0.68,251.8,283.4,09/11/2023 18:52:56,16

9.92,0.62,253.6,0.63,255,0.68,251.6,283,09/11/2023 18:52:58,16

9.82,0.62,253.5,0.62,254.9,0.68,251.4,282.9,09/11/2023 18:53:00,16

9.89,0.62,253.6,0.62,254.8,0.68,251.4,282.7,09/11/2023 18:53:03,16

9.99,0.62,253.5,0.62,254.8,0.68,251.4,282.8,09/11/2023 18:53:05,16

9.96,0.62,253.4,0.62,254.9,0.68,251.5,282.7,09/11/2023 18:53:07,16

9.87,0.62,253.5,0.62,254.9,0.68,251.5,283,09/11/2023 18:53:09,16

9.85,0.62,253.6,0.62,254.8,0.68,251.6,282.9,09/11/2023 18:53:12,16

9.96,0.62,253.7,0.63,254.9,0.68,251.7,283.2,09/11/2023 18:53:14,16

9.94,0.62,253.8,0.63,255.1,0.68,251.8,283.5,09/11/2023 18:53:16,16

9.92,0.62,253.1,0.63,253.9,0.67,251.6,281.3,09/11/2023 18:53:18,16

9.87,0.62,252.9,0.63,253.5,0.68,251.6,282.1,09/11/2023 18:53:20,16

9.95,0.62,253.2,0.63,254,0.68,251.7,283.1,09/11/2023 18:53:23,16

9.84,0.62,253.6,0.63,254.9,0.68,251.6,283,09/11/2023 18:53:25,16

9.88,0.62,253.6,0.62,254.8,0.68,251.6,283,09/11/2023 18:53:27,16

9.87,0.62,253.7,0.63,254.9,0.68,251.7,283,09/11/2023 18:53:29,16

9.93,0.62,253.6,0.63,254.9,0.68,251.6,283,09/11/2023 18:53:31,16

9.96,0.62,253.6,0.63,254.9,0.68,251.6,282.9,09/11/2023 18:53:33,16

9.97,0.62,253.5,0.62,254.8,0.68,251.6,282.6,09/11/2023 18:53:36,16

9.81,0.62,253.6,0.62,254.8,0.68,251.5,282.7,09/11/2023 18:53:38,16

9.78,0.62,253.4,0.62,254.6,0.68,251.3,282.2,09/11/2023 18:53:40,16

9.87,0.62,253.5,0.62,254.7,0.68,251.5,282.7,09/11/2023 18:53:42,16

9.9,0.62,253.6,0.62,254.8,0.68,251.6,282.8,09/11/2023 18:53:44,16

9.93,0.62,253.7,0.62,254.9,0.68,251.7,283.1,09/11/2023 18:53:47,16

9.89,0.62,253.6,0.62,254.8,0.68,251.6,282.9,09/11/2023 18:53:49,16

9.84,0.62,253.6,0.62,254.9,0.68,251.7,283.1,09/11/2023 18:53:51,16

9.86,0.62,253.6,0.62,254.9,0.68,251.6,282.9,09/11/2023 18:53:53,16

10.01,0.62,253.7,0.63,255,0.68,251.7,283.4,09/11/2023 18:53:56,16

9.94,0.62,253.8,0.63,255.1,0.68,251.7,283.1,09/11/2023 18:53:58,16

9.94,0.62,253.9,0.63,255.1,0.68,251.9,283.4,09/11/2023 18:54:00,16

9.86,0.62,253.8,0.63,255.1,0.68,252,283.5,09/11/2023 18:54:02,16

9.88,0.62,253.9,0.63,255.2,0.68,251.9,283.5,09/11/2023 18:54:04,16

9.9,0.62,254,0.63,255.1,0.68,252.1,283.7,09/11/2023 18:54:06,16

9.98,0.62,254,0.63,255.3,0.68,252.1,283.8,09/11/2023 18:54:09,16

9.92,0.62,253.9,0.63,255.1,0.68,251.7,283.4,09/11/2023 18:54:11,16

9.91,0.62,253.6,0.63,254.8,0.68,251.7,283.2,09/11/2023 18:54:13,16

9.83,0.62,253.5,0.62,254.8,0.68,251.5,282.8,09/11/2023 18:54:15,16

9.9,0.62,253.5,0.62,254.7,0.68,251.5,282.8,09/11/2023 18:54:18,16

9.84,0.62,253.8,0.63,254.9,0.68,251.8,283,09/11/2023 18:54:21,16

9.92,0.62,253.7,0.63,254.9,0.68,251.7,283.3,09/11/2023 18:54:22,16

9.9,0.62,253.8,0.63,254.9,0.68,251.8,283.3,09/11/2023 18:54:24,16

9.88,0.62,254,0.63,255.1,0.68,252,283.6,09/11/2023 18:54:26,16

9.91,0.62,254,0.63,255.1,0.68,252,283.6,09/11/2023 18:54:28,16

9.86,0.62,253.8,0.63,255.1,0.68,251.8,283.4,09/11/2023 18:54:31,16

9.91,0.62,253.7,0.62,255,0.68,251.7,283.1,09/11/2023 18:54:33,16

9.94,0.62,253.7,0.63,254.9,0.68,251.7,283,09/11/2023 18:54:35,16

9.93,0.62,253.7,0.63,255,0.68,251.7,283,09/11/2023 18:54:37,16

9.87,0.62,253.7,0.63,255,0.68,251.7,283.3,09/11/2023 18:54:39,16

9.8,0.62,253.6,0.62,254.9,0.68,251.6,283.4,09/11/2023 18:54:42,16

9.94,0.62,253.5,0.62,254.9,0.68,251.5,283,09/11/2023 18:54:44,16

9.93,0.62,253.8,0.62,255,0.68,251.7,283.2,09/11/2023 18:54:46,16

9.92,0.62,253.8,0.62,255.1,0.68,251.6,283.2,09/11/2023 18:54:48,16

9.98,0.62,253.8,0.62,255.1,0.68,251.6,283.2,09/11/2023 18:54:52,16

9.91,0.62,253.8,0.62,255.1,0.68,251.6,283.5,09/11/2023 18:54:53,16

9.95,0.62,254,0.63,255.2,0.68,251.9,283.5,09/11/2023 18:54:55,16

9.97,0.62,253.9,0.63,255.3,0.68,251.9,283.5,09/11/2023 18:54:57,16

9.86,0.62,253.8,0.63,255.3,0.68,251.8,283.3,09/11/2023 18:54:59,16

9.92,0.62,253.7,0.63,255.1,0.68,251.6,283.2,09/11/2023 18:55:01,16

9.86,0.62,253.4,0.62,254.9,0.68,251.4,283,09/11/2023 18:55:04,16

9.93,0.62,253.3,0.62,254.7,0.68,251.2,282.4,09/11/2023 18:55:06,16

9.97,0.62,253.5,0.63,254.9,0.68,251.4,283.2,09/11/2023 18:55:08,16

9.78,0.62,253.5,0.63,254.9,0.68,251.3,282.8,09/11/2023 18:55:10,16

9.88,0.62,253.5,0.62,254.9,0.68,251.4,283,09/11/2023 18:55:14,16

9.92,0.62,253.6,0.62,254.9,0.68,251.4,282.9,09/11/2023 18:55:15,16

9.86,0.62,253.7,0.62,255,0.68,251.6,283,09/11/2023 18:55:18,16

10.01,0.62,253.8,0.63,255.2,0.68,251.8,283.3,09/11/2023 18:55:19,16

9.89,0.62,253.9,0.62,255.3,0.68,251.7,283.2,09/11/2023 18:55:21,16

9.92,0.62,253.9,0.62,255.4,0.68,251.6,283.2,09/11/2023 18:55:23,16

9.82,0.62,253.8,0.62,255.1,0.68,251.1,282.5,09/11/2023 18:55:26,16

9.84,0.62,254.1,0.63,255.4,0.68,251.9,283.8,09/11/2023 18:55:28,16

9.91,0.62,254.1,0.63,255.4,0.68,251.9,283.5,09/11/2023 18:55:30,16

9.94,0.62,253.9,0.63,255.3,0.68,251.7,283.3,09/11/2023 18:55:32,16

9.96,0.62,253.8,0.62,255.1,0.68,251.7,283.3,09/11/2023 18:55:34,16

9.86,0.62,253.9,0.62,255.2,0.68,251.7,283.3,09/11/2023 18:55:37,16

9.94,0.62,254,0.63,255.3,0.68,251.9,283.5,09/11/2023 18:55:39,16

9.9,0.62,253.9,0.63,255.3,0.68,251.8,283.5,09/11/2023 18:55:41,16

9.99,0.62,253.9,0.63,255.3,0.68,251.8,283.5,09/11/2023 18:55:43,16

9.91,0.62,254,0.63,255.5,0.68,252,283.9,09/11/2023 18:55:46,16

9.91,0.62,254.1,0.63,255.5,0.68,252,283.8,09/11/2023 18:55:48,16

9.94,0.62,254,0.63,255.5,0.68,252,283.7,09/11/2023 18:55:50,16

9.88,0.62,252.4,0.62,253.9,0.67,249.8,279.8,09/11/2023 18:55:52,16

9.88,0.62,253,0.62,254.9,0.69,251.4,282.2,09/11/2023 18:55:56,16

9.85,0.62,253.5,0.62,254.8,0.68,251.4,282.4,09/11/2023 18:55:57,16

9.98,0.62,253.6,0.62,254.9,0.68,251.5,282.8,09/11/2023 18:55:59,16

9.91,0.62,253.6,0.62,254.9,0.68,251.4,282.8,09/11/2023 18:56:05,16

0.62,253.6,0.62,255,0.68,251.5,282.8,9.97,09/11/2023 18:56:05,16

0.62,253.7,0.62,254.9,0.68,251.6,282.9,9.86,09/11/2023 18:56:05,16

9.93,0.62,253.6,0.62,254.1,0.68,249.9,281.1,09/11/2023 18:56:07,16

9.92,0.62,253.6,0.62,254.3,0.68,250.1,281.5,09/11/2023 18:56:11,16

9.81,0.62,253.7,0.62,254.7,0.68,251.4,282.7,09/11/2023 18:56:13,16

9.84,0.62,253.6,0.62,254.8,0.68,251.4,282.8,09/11/2023 18:56:15,16

9.85,0.62,253.5,0.62,254.8,0.68,251.3,282.6,09/11/2023 18:56:17,16

9.89,0.62,253.5,0.62,254.6,0.68,251.3,282.4,09/11/2023 18:56:18,16

9.9,0.62,253.5,0.62,254.8,0.68,251.4,282.8,09/11/2023 18:56:22,16

0.62,9.99,253.7,0.63,255.1,0.68,251.6,283.3,09/11/2023 18:56:23,16

9.82,0.62,253.8,0.63,255,0.68,251.7,283.3,09/11/2023 18:56:26,16

0.62,253.7,0.63,255.1,0.68,251.6,283.2,9.84,09/11/2023 18:56:27,16

9.93,0.62,253.6,0.62,255,0.68,251.5,283,09/11/2023 18:56:30,16

9.88,0.62,253.7,0.62,255,0.68,251.5,283,09/11/2023 18:56:32,16

9.87,0.62,253.7,0.62,255,0.68,251.5,283.1,09/11/2023 18:56:35,16

9.87,0.62,253.8,0.63,255.1,0.68,251.5,283.3,09/11/2023 18:56:36,16

9.92,0.62,253.8,0.63,255.1,0.68,251.6,283.3,09/11/2023 18:56:40,16

9.92,0.62,253.6,0.62,254.8,0.68,251.4,282.6,09/11/2023 18:56:40,16

9.85,0.62,253.5,0.62,254.9,0.68,251.4,282.8,09/11/2023 18:56:43,16

9.86,0.62,253.9,0.63,255.1,0.68,251.8,283.7,09/11/2023 18:56:45,16

9.89,0.62,253.7,0.63,254.9,0.68,251.7,282.9,09/11/2023 18:56:47,16

9.92,0.62,253.6,0.62,254.8,0.68,251.5,282.7,09/11/2023 18:56:49,16

9.8,0.62,253.7,0.62,255,0.68,251.7,283.2,09/11/2023 18:56:51,16

9.77,0.62,253.9,0.63,255.1,0.68,251.9,283.4,09/11/2023 18:56:54,16

9.99,0.62,254.1,0.63,255.4,0.68,252.1,284.2,09/11/2023 18:56:56,16

9.94,0.62,254.1,0.63,255.4,0.68,252.1,284,09/11/2023 18:56:58,16

9.9,0.62,254.1,0.63,255.4,0.68,252.1,284.1,09/11/2023 18:57:00,16

9.87,0.62,254,0.63,255.3,0.68,251.9,283.7,09/11/2023 18:57:02,16

9.88,0.62,254,0.63,255.1,0.68,252,283.8,09/11/2023 18:57:05,16

9.95,0.62,253.9,0.63,255.1,0.68,251.8,283.7,09/11/2023 18:57:07,16

9.89,0.62,253.9,0.63,255.2,0.68,251.8,283.5,09/11/2023 18:57:09,16

9.96,0.62,253.7,0.63,255,0.68,251.7,283.2,09/11/2023 18:57:11,16

9.91,0.62,253.8,0.63,254.9,0.68,251.9,283.1,09/11/2023 18:57:13,16

9.92,0.62,253.9,0.63,255,0.68,251.9,283.3,09/11/2023 18:57:16,16

9.92,0.62,254,0.63,255.2,0.68,252.1,283.6,09/11/2023 18:57:18,16

9.83,0.62,254.1,0.63,255.3,0.68,252.1,283.8,09/11/2023 18:57:20,16

9.88,0.62,254,0.63,255.2,0.68,252,283.4,09/11/2023 18:57:22,16

9.95,0.62,253.9,0.63,255,0.68,251.8,283.2,09/11/2023 18:57:24,16

9.98,0.62,253.9,0.63,255.1,0.68,251.9,283.4,09/11/2023 18:57:27,16

9.93,0.62,253.9,0.63,255.2,0.68,251.9,283.4,09/11/2023 18:57:29,16

9.92,0.62,254,0.63,255.2,0.68,252,283.6,09/11/2023 18:57:31,16

9.95,0.62,254,0.63,255.3,0.68,252,283.5,09/11/2023 18:57:33,16

9.86,0.62,254.1,0.63,255.3,0.68,252.1,284,09/11/2023 18:57:35,16

10,0.62,254.2,0.63,255.4,0.68,252.1,283.9,09/11/2023 18:57:38,16

9.9,0.62,254,0.63,255.3,0.68,252,283.6,09/11/2023 18:57:40,16

9.89,0.62,254,0.63,255.2,0.68,251.8,283.4,09/11/2023 18:57:42,16

9.87,0.62,254,0.63,255.2,0.68,251.9,283.6,09/11/2023 18:57:47,16

0.62,254.1,0.63,255.2,0.68,251.4,283.6,9.89,09/11/2023 18:57:47,16

9.94,0.62,253.7,0.63,254.9,0.68,251.7,283.5,09/11/2023 18:57:49,16

9.93,0.62,253.7,0.63,254.8,0.68,251.7,283.2,09/11/2023 18:57:52,16

9.95,0.62,253.6,0.63,254.8,0.68,251.5,283.1,09/11/2023 18:57:53,16

9.93,0.62,253.7,0.63,254.7,0.68,251.6,283.1,09/11/2023 18:57:56,16

9.92,0.62,253.9,0.63,255,0.68,251.8,283.8,09/11/2023 18:57:58,16

9.88,0.62,253.9,0.63,254.9,0.68,251.7,283.6,09/11/2023 18:58:01,16

9.83,0.62,254.1,0.63,255.1,0.68,251.8,283.5,09/11/2023 18:58:03,16

9.89,0.62,254,0.63,255.1,0.68,251.9,283.6,09/11/2023 18:58:04,16

9.93,0.62,254.1,0.63,255.3,0.68,251.9,284,09/11/2023 18:58:06,16

9.86,0.62,254.1,0.63,255.3,0.68,251.9,284.4,09/11/2023 18:58:10,16

9.96,0.62,254,0.63,255.2,0.68,251.8,283.6,09/11/2023 18:58:11,16

9.9,0.62,254.2,0.63,255.3,0.68,252.1,284.8,09/11/2023 18:58:13,16

9.87,0.62,254.6,0.63,255.6,0.68,252.3,284.4,09/11/2023 18:58:17,16

9.95,0.62,254.5,0.63,255.6,0.68,252.2,284.7,09/11/2023 18:58:17,16

10.01,0.62,254.4,0.63,255.5,0.68,252.2,284.6,09/11/2023 18:58:20,16

9.91,0.62,254.3,0.63,255.5,0.68,252.1,284.4,09/11/2023 18:58:22,16

9.97,0.62,254.4,0.63,255.4,0.68,252.2,284.4,09/11/2023 18:58:25,16

9.96,0.62,254.4,0.63,255.7,0.68,252.3,284.9,09/11/2023 18:58:26,16

9.83,0.62,254.4,0.63,255.6,0.68,252.2,284.7,09/11/2023 18:58:28,16

9.86,0.62,254.4,0.63,255.6,0.68,252.2,284.7,09/11/2023 18:58:31,16

9.85,0.62,254.4,0.63,255.6,0.68,252.2,284.6,09/11/2023 18:58:33,16

9.95,0.62,254.5,0.63,255.5,0.68,252.1,284.5,09/11/2023 18:58:35,16

9.91,0.62,254.5,0.63,255.7,0.68,252.2,284.7,09/11/2023 18:58:37,16

9.94,0.62,254.5,0.63,255.6,0.68,252.3,284.8,09/11/2023 18:58:39,16

9.87,0.62,254.4,0.63,255.6,0.68,252.1,284.8,09/11/2023 18:58:42,16

9.93,0.62,254.2,0.63,255.2,0.68,252,284,09/11/2023 18:58:44,16

9.88,0.62,254.1,0.63,255.2,0.68,252,283.9,09/11/2023 18:58:46,16

9.86,0.62,254.1,0.63,255.2,0.68,251.9,283.8,09/11/2023 18:58:48,16

9.83,0.62,254.2,0.63,255.3,0.68,251.9,283.7,09/11/2023 18:58:50,16

10,0.62,254.2,0.63,255.3,0.68,252,283.8,09/11/2023 18:58:53,16

9.89,0.62,254.2,0.63,255.3,0.68,252,284,09/11/2023 18:58:55,16

9.97,0.62,254.3,0.63,255.4,0.68,252.1,284,09/11/2023 18:58:57,16

9.92,0.62,254.2,0.63,255.3,0.68,252.1,283.7,09/11/2023 18:58:59,16

9.91,0.62,254.2,0.63,255.3,0.68,252,283.7,09/11/2023 18:59:01,16

9.91,0.62,254.2,0.63,255.3,0.68,252,283.8,09/11/2023 18:59:03,16

9.86,0.62,254.3,0.63,255.3,0.68,252.1,283.9,09/11/2023 18:59:06,16

9.92,0.62,254.3,0.63,255.3,0.68,252,283.9,09/11/2023 18:59:08,16

9.91,0.62,254.2,0.63,255.2,0.68,251.9,283.5,09/11/2023 18:59:10,16

9.89,0.62,254.1,0.63,255.2,0.68,251.8,283.7,09/11/2023 18:59:12,16

9.95,0.62,254.3,0.63,255.3,0.68,252.1,284,09/11/2023 18:59:15,16

9.88,0.62,254.3,0.63,255.4,0.68,252,284,09/11/2023 18:59:17,16

9.92,0.62,254.2,0.63,255.3,0.68,252,284.1,09/11/2023 18:59:19,16

9.93,0.62,254.2,0.63,255.3,0.68,252,283.7,09/11/2023 18:59:24,16

9.83,0.62,254.4,0.63,255.4,0.68,252.2,284.6,09/11/2023 18:59:24,16

9.87,0.62,254.4,0.63,255.5,0.68,252.2,284.8,09/11/2023 18:59:26,16

9.87,0.62,254.5,0.63,255.6,0.68,252.2,284.7,09/11/2023 18:59:28,16

9.87,0.62,254.6,0.63,255.6,0.68,252.3,284.5,09/11/2023 18:59:30,16

9.95,0.62,254.4,0.63,255.6,0.68,252.2,284.4,09/11/2023 18:59:32,16

9.9,0.62,254.3,0.63,255.4,0.68,252.1,284,09/11/2023 18:59:34,16

9.84,0.62,254.4,0.63,255.6,0.68,252.2,284.7,09/11/2023 18:59:37,16

9.93,0.62,254.4,0.63,255.6,0.68,252.2,285,09/11/2023 18:59:39,16

9.88,0.62,254.3,0.63,255.4,0.68,252.2,284.3,09/11/2023 18:59:41,16

9.94,0.62,254.2,0.63,255.4,0.67,251.1,283.5,09/11/2023 18:59:43,16

9.92,0.62,253.8,0.63,254.8,0.68,251.6,283.6,09/11/2023 18:59:47,16

9.93,0.62,253.8,0.63,255,0.68,251.7,283.5,09/11/2023 18:59:47,16

9.95,0.62,253.8,0.63,255,0.68,251.7,283.3,09/11/2023 18:59:51,16

9.85,0.62,253.9,0.63,255,0.68,251.7,283.3,09/11/2023 18:59:52,16

9.92,0.62,253.8,0.63,255,0.68,251.7,283.4,09/11/2023 18:59:54,16

9.95,0.62,253.9,0.63,255.1,0.68,251.7,283.5,09/11/2023 18:59:56,16

9.86,0.62,253.9,0.63,255,0.68,251.7,283.6,09/11/2023 18:59:58,16

9.86,0.62,254,0.63,255,0.68,251.8,283.5,09/11/2023 19:00:01,16

9.88,0.62,253.9,0.63,255,0.68,251.7,283.4,09/11/2023 19:00:03,16

9.89,0.62,253.9,0.62,255,0.68,251.8,283.4,09/11/2023 19:00:08,16

9.89,0.62,254,0.63,255.1,0.68,251.9,283.6,09/11/2023 19:00:08,16

9.89,0.62,254,0.63,255,0.68,251.8,283.4,09/11/2023 19:00:10,16

9.9,0.62,254.1,0.63,255.1,0.68,251.9,283.8,09/11/2023 19:00:12,16

9.82,0.62,254.1,0.63,255.3,0.68,252,283.9,09/11/2023 19:00:14,16

9.98,0.62,254.3,0.63,255.4,0.68,252.2,284.4,09/11/2023 19:00:16,16

9.91,0.62,254.3,0.63,255.3,0.68,252.1,283.8,09/11/2023 19:00:18,16

9.87,0.62,254,0.63,255.2,0.68,251.8,283.7,09/11/2023 19:00:20,16

10.02,0.62,253.9,0.63,254.9,0.68,251.7,283.4,09/11/2023 19:00:23,16

9.92,0.62,253.8,0.63,255,0.68,251.8,283.6,09/11/2023 19:00:25,16

9.93,0.62,253.7,0.63,255,0.68,251.7,283.4,09/11/2023 19:00:27,16

9.94,0.62,253.8,0.63,255,0.68,251.8,283.5,09/11/2023 19:00:29,16

9.92,0.62,253.9,0.63,255.2,0.68,251.8,283.4,09/11/2023 19:00:32,16

9.83,0.62,253.9,0.63,255.1,0.68,251.8,283.5,09/11/2023 19:00:34,16

10,0.62,254.1,0.63,255.2,0.68,251.9,283.7,09/11/2023 19:00:36,16

9.84,0.62,254.2,0.63,255.4,0.68,252,283.9,09/11/2023 19:00:38,16

9.83,0.62,254.4,0.63,255.6,0.68,252.3,284.8,09/11/2023 19:00:40,16

9.95,0.62,254.1,0.63,255.2,0.68,252.1,283.9,09/11/2023 19:00:42,16

9.81,0.62,254,0.63,255.3,0.68,252,283.9,09/11/2023 19:00:45,16

9.85,0.62,254.1,0.63,255.3,0.68,252.1,283.7,09/11/2023 19:00:47,16

9.87,0.62,254.2,0.63,255.3,0.68,252.1,284,09/11/2023 19:00:49,16

9.95,0.62,254.1,0.63,255.2,0.68,252,283.7,09/11/2023 19:00:53,16

0.62,254.1,0.63,9.79,255.1,0.68,251.9,283.6,09/11/2023 19:00:54,16

9.92,0.62,254.1,0.63,255,0.68,251.9,283.8,09/11/2023 19:00:56,16

9.92,0.62,254,0.63,255,0.68,251.9,283.4,09/11/2023 19:00:58,16

9.92,0.62,253.9,0.63,255.1,0.68,251.8,283.2,09/11/2023 19:01:00,16

9.9,0.62,253.9,0.63,255.1,0.68,251.8,283.2,09/11/2023 19:01:02,16

9.9,0.62,254.2,0.63,255.4,0.68,252.2,284.6,09/11/2023 19:01:04,16

9.89,0.62,254.6,0.63,255.8,0.68,252.6,285.2,09/11/2023 19:01:07,16

9.92,0.62,254.8,0.63,256,0.68,252.7,285.8,09/11/2023 19:01:10,16

9.87,0.62,254.7,0.63,255.9,0.68,252.5,285.3,09/11/2023 19:01:11,16

9.84,0.62,254.6,0.63,255.8,0.68,252.4,285.2,09/11/2023 19:01:13,16

9.95,0.62,254.5,0.63,255.6,0.68,252.3,284.8,09/11/2023 19:01:15,16

9.87,0.62,254.5,0.63,255.8,0.68,252.4,285.2,09/11/2023 19:01:20,16

0.62,254.5,0.63,255.6,0.68,252.3,284.8,9.94,09/11/2023 19:01:20,16

9.95,0.62,254.4,0.63,255.6,0.68,252.2,284.8,09/11/2023 19:01:23,16

9.92,0.62,254.4,0.63,255.6,0.68,252.3,284.8,09/11/2023 19:01:25,16

9.92,0.62,254.5,0.63,255.7,0.68,252.4,284.8,09/11/2023 19:01:27,16

9.88,0.62,254.5,0.63,255.7,0.68,252.3,284.6,09/11/2023 19:01:29,16

9.82,0.62,254.4,0.63,255.5,0.68,252.3,284.5,09/11/2023 19:01:31,16

9.92,0.62,254.4,0.63,255.6,0.68,252.2,284.5,09/11/2023 19:01:33,16

9.96,0.62,254.7,0.63,255.8,0.68,252.6,285.2,09/11/2023 19:01:35,16

9.93,0.62,254.7,0.63,255.9,0.68,252.6,285.2,09/11/2023 19:01:38,16

9.89,0.62,254.6,0.63,255.8,0.68,252.5,285,09/11/2023 19:01:43,16

0.62,254.4,0.63,255.6,0.68,252.3,284.7,9.89,09/11/2023 19:01:43,16

9.93,0.62,252.9,0.62,254.3,0.68,251.2,281.5,09/11/2023 19:01:44,16

9.83,0.62,254.3,0.63,255.4,0.68,252.1,284.4,09/11/2023 19:01:46,16

9.8,0.62,254.2,0.63,255.4,0.68,252.1,284.5,09/11/2023 19:01:49,16

9.87,0.62,254.2,0.63,255.3,0.68,252,284.1,09/11/2023 19:01:51,16

9.88,0.62,254.1,0.63,255.3,0.68,252,283.9,09/11/2023 19:01:53,16

9.94,0.62,254.2,0.63,255.3,0.68,252.1,284.2,09/11/2023 19:01:55,16

9.9,0.62,254.4,0.63,255.5,0.68,252.3,284.5,09/11/2023 19:01:59,16

9.88,0.62,254.5,0.63,255.5,0.68,252.3,284.7,09/11/2023 19:01:59,16

9.95,0.62,254.3,0.63,255.5,0.68,252.2,284.5,09/11/2023 19:02:02,16

9.9,0.62,254.3,0.63,255.4,0.68,252.2,284.9,09/11/2023 19:02:04,16

9.95,0.62,254.4,0.63,255.6,0.68,252.3,284.9,09/11/2023 19:02:06,16

9.89,0.62,254.4,0.63,255.5,0.68,252.3,284.6,09/11/2023 19:02:09,16

9.84,0.62,254.1,0.63,255.3,0.68,251.5,283.5,09/11/2023 19:02:11,16

9.9,0.62,254.3,0.63,255.4,0.68,252.2,284.4,09/11/2023 19:02:13,16

9.97,0.62,254.4,0.63,255.6,0.68,252.3,284.6,09/11/2023 19:02:15,16

9.92,0.62,254.6,0.63,255.8,0.68,252.4,285.3,09/11/2023 19:02:17,16

9.9,0.62,254.6,0.63,255.9,0.68,252.5,285.5,09/11/2023 19:02:21,16

9.88,0.62,254.5,0.63,255.6,0.68,252.5,284.9,09/11/2023 19:02:21,16

9.89,0.62,254.4,0.63,255.6,0.68,252.4,284.8,09/11/2023 19:02:24,16

9.96,0.62,254.4,0.63,255.5,0.68,252.3,284.9,09/11/2023 19:02:26,16

9.92,0.62,254.2,0.63,255.5,0.68,252.2,284.7,09/11/2023 19:02:29,16

9.86,0.62,254.3,0.63,255.4,0.68,252.1,284.3,09/11/2023 19:02:30,16

9.84,0.62,254.3,0.63,255.5,0.68,252.2,284.5,09/11/2023 19:02:33,16

9.84,0.62,254.5,0.63,255.6,0.68,252.5,284.8,09/11/2023 19:02:35,16

9.96,0.62,254.6,0.63,255.6,0.68,252,284.6,09/11/2023 19:02:39,16

9.91,0.62,254.7,0.62,255.2,0.68,251.2,284.1,09/11/2023 19:02:39,16

9.92,0.62,254.9,0.63,255.8,0.68,251.3,284.6,09/11/2023 19:02:43,16

0.62,254.7,9.88,0.63,255.9,0.68,252.5,285.4,09/11/2023 19:02:44,16

9.8,0.62,254.6,0.63,255.8,0.68,252.4,284.7,09/11/2023 19:02:46,16

9.81,0.62,254.4,0.63,255.7,0.68,252.1,284.5,09/11/2023 19:02:48,16

9.95,0.62,254.5,0.63,255.7,0.68,252.2,284.6,09/11/2023 19:02:50,16

9.85,0.62,254.5,0.63,255.8,0.68,252.3,284.6,09/11/2023 19:02:52,16

9.97,0.62,254.5,0.63,255.7,0.68,252.3,284.6,09/11/2023 19:02:55,16

9.89,0.62,254.5,0.63,254.6,0.68,252.3,284.5,09/11/2023 19:02:57,16

9.92,0.62,254,0.63,254.5,0.68,252.5,283.9,09/11/2023 19:02:59,16

9.92,0.62,254.3,0.63,255.3,0.69,252.4,285.8,09/11/2023 19:03:01,16

9.94,0.62,254.5,0.63,255.9,0.69,252.3,285.1,09/11/2023 19:03:05,16

0.62,254.6,0.63,255.8,0.69,252.3,285.3,10.02,09/11/2023 19:03:06,16

9.84,0.62,254.6,0.63,256,0.69,252.4,285.4,09/11/2023 19:03:08,16

9.93,0.62,254.9,0.63,256.1,0.68,252.5,285.6,09/11/2023 19:03:10,16

9.87,0.62,254.9,0.63,256,0.68,252.4,285.6,09/11/2023 19:03:12,16

9.96,0.62,255,0.63,256.1,0.68,252.7,286,09/11/2023 19:03:14,16

9.96,0.62,255,0.63,256.1,0.68,252.6,285.7,09/11/2023 19:03:17,16

9.84,0.62,254.9,0.63,256.2,0.68,252.6,285.5,09/11/2023 19:03:19,16

9.9,0.62,254.9,0.63,256.1,0.68,252.5,285.4,09/11/2023 19:03:21,16

9.92,0.62,254.7,0.63,256,0.68,252.5,285.1,09/11/2023 19:03:26,16

0.62,254.9,0.63,256,0.68,252.4,285.3,9.89,09/11/2023 19:03:26,16

9.94,0.62,254.9,0.63,256.2,0.68,252.5,285.8,09/11/2023 19:03:28,16

9.96,0.62,255,0.63,256.1,0.68,252.6,285.7,09/11/2023 19:03:30,16

0.62,254.9,0.63,256.2,0.68,252.6,285.7,9.84,09/11/2023 19:03:32,16

9.95,0.62,254.8,0.63,256.1,0.68,252.6,285.6,09/11/2023 19:03:35,16

9.87,0.62,254.9,0.63,256.2,0.68,252.6,285.7,09/11/2023 19:03:39,16

0.62,254.9,0.63,256.2,0.68,252.7,285.7,9.9,09/11/2023 19:03:42,16

9.93,0.62,255,0.63,256.3,0.68,252.7,285.9,09/11/2023 19:03:45,16

0.62,255,0.63,256.2,0.68,252.7,285.8,9.86,09/11/2023 19:03:45,16

9.94,0.62,255,0.63,256.3,0.68,252.7,285.9,09/11/2023 19:03:47,16

0.62,254.9,0.63,256.2,0.68,252.6,285.5,9.86,09/11/2023 19:03:53,16

9.94,0.62,255.1,0.63,256.3,0.68,252.7,285.8,09/11/2023 19:03:54,16

0.62,255.1,0.63,256.3,0.68,252.8,285.8,9.93,09/11/2023 19:03:54,16

9.9,0.62,255,0.63,256.1,0.68,252.7,285.1,09/11/2023 19:03:57,16

0.62,254.9,0.63,256,0.68,252.4,285.4,9.92,09/11/2023 19:04:02,16

9.84,0.62,254.8,0.63,256,0.68,252.4,285.3,09/11/2023 19:04:02,16

0.62,9.94,255,0.63,256.2,0.68,252.6,285.2,09/11/2023 19:04:03,16

9.94,0.62,254.9,0.63,256.3,0.68,252.7,285.6,09/11/2023 19:04:07,16

0.62,254.7,0.63,256.1,0.68,252.6,285.2,9.84,09/11/2023 19:04:11,16

9.95,0.62,254.6,0.63,255.8,0.68,252.4,285.2,09/11/2023 19:04:12,16

9.94,0.62,254.7,0.63,255.8,0.68,252.3,285.3,09/11/2023 19:04:16,16

0.62,254.6,0.63,255.8,0.68,252.2,284.6,9.88,09/11/2023 19:04:17,16

9.99,0.62,254.8,0.63,255.9,0.68,252.3,285.1,09/11/2023 19:04:21,16

9.96,0.62,254.7,0.63,255.9,0.68,252.3,285.4,09/11/2023 19:04:22,16

9.94,0.62,254.6,0.63,255.9,0.68,252.3,284.8,09/11/2023 19:04:23,16

9.93,0.62,254.7,0.63,255.9,0.68,252.4,285,09/11/2023 19:04:25,16

9.85,0.62,254.6,0.62,255.1,0.68,250.7,283.1,09/11/2023 19:04:27,16

9.87,0.62,254.5,0.62,255.1,0.68,250.8,283.1,09/11/2023 19:04:29,16

10,0.62,254.5,0.62,255,0.68,250.6,282.9,09/11/2023 19:04:31,16

9.9,0.62,254.4,0.63,255.6,0.68,251.9,284.1,09/11/2023 19:04:34,16

9.9,0.62,254.4,0.63,255.7,0.68,252.1,284.2,09/11/2023 19:04:36,16

9.9,0.62,254.5,0.63,255.8,0.68,252.2,284.5,09/11/2023 19:04:38,16

9.87,0.62,254.4,0.63,255.7,0.68,252,284.6,09/11/2023 19:04:41,16

0.62,254.4,0.63,255.7,0.68,252,284.7,9.88,09/11/2023 19:04:43,16

9.85,0.62,254.3,0.63,255.6,0.68,252.2,284.6,09/11/2023 19:04:44,16

9.92,0.62,254.4,0.63,255.6,0.68,252.1,284.5,09/11/2023 19:04:47,16

9.87,0.62,254.3,0.63,255.6,0.68,252.1,284.2,09/11/2023 19:04:49,16

9.86,0.62,254.1,0.63,255.4,0.68,252.1,284,09/11/2023 19:04:51,16

9.9,0.62,254.3,0.63,255.5,0.68,252.2,284.3,09/11/2023 19:04:53,16

9.85,0.62,254.4,0.63,255.5,0.68,252.3,284.6,09/11/2023 19:04:55,16

9.91,0.62,254.3,0.63,255.6,0.68,252.2,284.3,09/11/2023 19:04:59,16

9.98,0.62,254.3,0.63,255.6,0.68,252.2,284.1,09/11/2023 19:05:00,16

9.96,0.62,254.2,0.63,255.3,0.68,252,283.7,09/11/2023 19:05:02,16

9.99,0.62,254,0.63,255.2,0.68,251.8,283.4,09/11/2023 19:05:04,16

9.87,0.62,254,0.63,255.3,0.68,252,284,09/11/2023 19:05:06,16

9.9,0.62,254.3,0.63,255.5,0.68,252.2,284.1,09/11/2023 19:05:08,16

9.85,0.62,254.2,0.63,255.5,0.68,252.2,284.2,09/11/2023 19:05:11,16

9.89,0.62,254.3,0.63,255.6,0.68,252.2,284.1,09/11/2023 19:05:13,16

9.99,0.62,254.2,0.63,255.5,0.68,252.2,284.2,09/11/2023 19:05:15,16

9.87,0.62,254.3,0.63,255.5,0.68,252.3,284.2,09/11/2023 19:05:17,16

9.99,0.62,254.3,0.63,255.5,0.68,252.1,284,09/11/2023 19:05:20,16

0.62,254.2,0.63,255.3,0.68,252.1,283.6,9.9,09/11/2023 19:05:27,16

9.91,0.62,254.3,0.63,255.5,0.68,252.2,284.1,09/11/2023 19:05:29,16

9.94,0.62,254.3,0.63,255.5,0.68,252.2,284,09/11/2023 19:05:31,16

9.85,0.62,254.2,0.63,255.5,0.68,252.2,283.8,09/11/2023 19:05:33,16

9.91,0.62,254.2,0.63,255.4,0.68,252.1,284,09/11/2023 19:05:35,16

9.92,0.62,254.4,0.63,255.6,0.68,252.3,284.3,09/11/2023 19:05:37,16

9.87,0.62,254.3,0.63,255.5,0.68,252.2,284,09/11/2023 19:05:39,16

9.88,0.62,254.3,0.63,255.6,0.68,252.3,284.2,09/11/2023 19:05:43,16

9.88,0.62,254.3,0.63,255.6,0.68,252.3,284.1,09/11/2023 19:05:44,16

9.91,0.62,254.3,0.63,255.6,0.68,252.3,284.1,09/11/2023 19:05:46,16

9.85,0.62,254.3,0.63,255.6,0.68,252.2,284.2,09/11/2023 19:05:48,16

9.97,0.62,254.2,0.63,255.6,0.68,252.2,284,09/11/2023 19:05:50,16

9.95,0.62,254.2,0.63,255.6,0.68,252.2,284.1,09/11/2023 19:05:53,16

9.96,0.62,254.2,0.63,255.5,0.68,252.2,284,09/11/2023 19:05:55,16

9.85,0.62,254.3,0.63,255.6,0.68,252.2,284.2,09/11/2023 19:05:57,16

9.89,0.62,254.2,0.63,255.6,0.68,252.1,284.2,09/11/2023 19:05:59,16

9.88,0.62,254.3,0.63,255.6,0.68,252.2,284,09/11/2023 19:06:01,16

9.93,0.62,254.2,0.63,255.5,0.68,252.1,284.1,09/11/2023 19:06:04,16

9.96,0.62,254.3,0.63,255.6,0.68,252.3,284.4,09/11/2023 19:06:06,16

9.94,0.62,254.4,0.63,255.6,0.68,252.3,284.4,09/11/2023 19:06:08,16

9.86,0.62,254.4,0.63,255.6,0.68,252.2,284.4,09/11/2023 19:06:10,16

9.78,0.62,254.3,0.63,255.5,0.68,252.1,284.4,09/11/2023 19:06:13,16

0.62,254.1,0.63,255.4,0.68,252,283.8,9.96,09/11/2023 19:06:14,16

9.95,0.62,254,0.63,255.4,0.68,252,283.6,09/11/2023 19:06:17,16

9.89,0.62,254.1,0.63,255.4,0.68,252,283.5,09/11/2023 19:06:19,16

9.94,0.62,254.2,0.63,255.4,0.68,252.1,283.7,09/11/2023 19:06:21,16

9.92,0.62,254.2,0.63,255.4,0.68,252.2,283.9,09/11/2023 19:06:23,16

9.98,0.62,254.4,0.63,255.6,0.68,252.2,284.1,09/11/2023 19:06:25,16

9.89,0.62,254.3,0.63,255.6,0.68,252.3,284.1,09/11/2023 19:06:29,16

9.93,0.62,254.4,0.63,255.7,0.68,252.4,284.5,09/11/2023 19:06:30,16

9.9,0.62,254.4,0.63,255.6,0.68,252.3,284.3,09/11/2023 19:06:32,16

9.83,0.62,254.4,0.63,255.7,0.68,252.4,284.7,09/11/2023 19:06:34,16

9.86,0.62,254.4,0.63,255.7,0.68,252.3,284.3,09/11/2023 19:06:36,16

9.95,0.62,254.4,0.63,255.7,0.68,252.3,284.2,09/11/2023 19:06:39,16

9.98,0.62,254.3,0.63,255.7,0.68,252.3,284.4,09/11/2023 19:06:47,16

0.62,254.2,0.63,255.6,0.68,252.2,283.8,9.92,09/11/2023 19:06:47,16

9.9,0.62,254.3,0.63,255.5,0.68,252.2,283.9,09/11/2023 19:06:48,16

9.94,0.62,254.3,0.63,255.6,0.68,252.2,284.3,09/11/2023 19:06:49,16

9.92,0.62,254.3,0.63,255.5,0.68,252.1,284.2,09/11/2023 19:06:52,16

9.89,0.62,254.4,0.63,255.5,0.68,252.1,284.2,09/11/2023 19:06:54,16

9.95,0.62,254.4,0.63,255.6,0.68,252.2,284.4,09/11/2023 19:06:56,16

9.93,0.62,254.5,0.63,255.7,0.68,252.3,284.6,09/11/2023 19:06:58,16

9.92,0.62,254.5,0.63,255.7,0.68,252.2,284.4,09/11/2023 19:07:01,16

9.85,0.62,254.3,0.63,255.6,0.68,252.1,284,09/11/2023 19:07:03,16

9.87,0.62,254.4,0.63,255.6,0.68,252.2,284,09/11/2023 19:07:06,16

9.83,0.62,254.3,0.63,255.6,0.68,252.1,283.9,09/11/2023 19:07:09,16

9.9,0.62,254.2,0.63,255.5,0.68,252.1,284.3,09/11/2023 19:07:09,16

9.88,0.62,254.1,0.63,255.4,0.68,252,283.8,09/11/2023 19:07:12,16

9.87,0.62,254.1,0.63,255.3,0.68,251.9,283.4,09/11/2023 19:07:16,16

0.62,254.1,0.63,255.5,9.83,0.68,252,283.8,09/11/2023 19:07:16,16

9.88,0.62,254.2,0.63,255.6,0.68,252.1,283.9,09/11/2023 19:07:18,16

9.87,0.62,254.3,0.63,255.6,0.68,252.2,284.1,09/11/2023 19:07:21,16

9.86,0.62,254.4,0.63,255.7,0.68,252.2,284.6,09/11/2023 19:07:23,16

9.91,0.62,254.3,0.63,255.7,0.68,252.3,284.7,09/11/2023 19:07:25,16

9.9,0.62,254.3,0.63,255.6,0.68,252.3,284,09/11/2023 19:07:27,16

9.9,0.62,254.4,0.63,255.6,0.68,252.3,284.5,09/11/2023 19:07:33,16

0.62,254.2,0.63,255.6,0.68,252.2,284.6,9.92,09/11/2023 19:07:33,16

9.82,0.62,254.2,0.63,255.5,0.68,252.2,284.2,09/11/2023 19:07:34,16

9.92,0.62,254.3,0.63,255.5,0.68,252.1,284,09/11/2023 19:07:36,16

9.91,0.62,254.2,0.63,255.5,0.68,252.1,283.8,09/11/2023 19:07:38,16

9.95,0.62,254.2,0.63,255.5,0.68,252.1,284,09/11/2023 19:07:40,16

9.95,0.62,254.3,0.63,255.6,0.68,252.2,284.2,09/11/2023 19:07:42,16

9.9,0.62,254.4,0.63,255.6,0.68,252.3,284.1,09/11/2023 19:07:45,16

9.86,0.62,254.5,0.63,255.8,0.68,252.5,284.6,09/11/2023 19:07:47,16

9.96,0.62,254.3,0.63,255.6,0.68,252.2,284,09/11/2023 19:07:49,16

9.83,0.62,254.3,0.63,255.5,0.68,252.1,284,09/11/2023 19:07:51,16

9.81,0.62,254.2,0.63,255.4,0.68,252.2,283.9,09/11/2023 19:07:53,16

9.82,0.62,254.3,0.63,255.5,0.68,252.2,284.1,09/11/2023 19:07:56,16

9.88,0.62,254.3,0.63,255.6,0.68,252.2,284.3,09/11/2023 19:07:59,16

9.89,0.62,254.4,0.63,255.6,0.68,252.4,284.4,09/11/2023 19:08:00,16

9.83,0.62,254.3,0.63,255.6,0.68,252.3,284.1,09/11/2023 19:08:03,16

0.62,254.4,0.63,255.7,0.68,252.3,284.6,9.95,09/11/2023 19:08:04,16

9.96,0.62,254.3,0.63,255.6,0.68,252.2,284.2,09/11/2023 19:08:06,16

9.95,0.62,254.2,0.63,255.4,0.68,252.1,284.1,09/11/2023 19:08:10,16

9.88,0.62,254,0.63,255.3,0.68,252,283.8,09/11/2023 19:08:11,16

10.01,0.62,254.1,0.63,255.4,0.68,252.1,284,09/11/2023 19:08:13,16

9.87,0.62,254.2,0.63,255.5,0.68,252.1,284,09/11/2023 19:08:16,16

9.94,0.62,254.4,0.63,255.7,0.68,252.4,284.6,09/11/2023 19:08:18,16

9.86,0.62,254.5,0.63,255.8,0.68,252.5,284.8,09/11/2023 19:08:20,16

9.87,0.62,254.5,0.63,255.6,0.68,252.4,284.4,09/11/2023 19:08:23,16

9.9,0.62,254.4,0.63,255.6,0.68,252.3,284.2,09/11/2023 19:08:26,16

9.89,0.62,254.5,0.63,255.7,0.68,252.4,284.5,09/11/2023 19:08:26,16

9.95,0.62,254.5,0.63,255.7,0.68,252.3,284.4,09/11/2023 19:08:29,16

9.82,0.62,254.5,0.63,255.7,0.68,252.4,284.5,09/11/2023 19:08:33,16

0.62,254.7,0.63,255.9,0.68,252.6,285,9.95,09/11/2023 19:08:33,16

9.88,0.62,254.7,0.63,256,0.68,252.6,285.1,09/11/2023 19:08:35,16

9.9,0.62,254.5,0.63,255.8,0.68,252.4,284.5,09/11/2023 19:08:37,16

10.01,0.62,254.3,0.63,255.6,0.68,252.2,284.3,09/11/2023 19:08:44,16

0.62,254.3,0.63,255.5,0.68,252.2,284.2,9.87,09/11/2023 19:08:45,16

9.95,0.62,254.3,0.63,255.6,0.68,252.2,284.2,09/11/2023 19:08:48,16

0.62,254.3,0.63,255.5,0.68,252.2,284.2,9.92,09/11/2023 19:08:49,16

9.79,0.62,254.3,0.63,255.6,0.68,252.2,284.1,09/11/2023 19:08:51,16

9.88,0.62,254.3,0.63,255.5,0.68,252.2,284.1,09/11/2023 19:08:53,16

9.94,0.62,254.2,0.63,255.5,0.68,252.1,283.9,09/11/2023 19:08:55,16

0.62,254.2,0.63,255.4,0.68,252.1,283.8,9.97,09/11/2023 19:09:02,16

9.95,254.2,0.63,255.5,0.68,252.1,284,0.62,09/11/2023 19:09:05,16

254.2,0.63,255.4,0.68,252,283.9,0.62,9.84,09/11/2023 19:09:05,16

9.88,0.62,254.3,0.63,255.6,0.68,252.2,284.4,09/11/2023 19:09:07,16

9.88,0.62,254.3,0.63,255.6,0.68,252.2,284.3,09/11/2023 19:09:09,16

9.93,0.62,254.3,0.63,255.4,0.68,251.6,283.9,09/11/2023 19:09:13,16

9.91,0.62,254.2,0.62,254.8,0.68,250.5,282.4,09/11/2023 19:09:13,16

10.04,0.62,254.3,0.63,255.3,0.68,252,284,09/11/2023 19:09:17,16

9.88,0.62,254.4,0.63,255.6,0.68,252.2,284.4,09/11/2023 19:09:17,16

9.87,0.62,254.4,0.63,255.7,0.68,252.3,284.6,09/11/2023 19:09:22,16

0.62,254.4,0.63,255.6,0.68,252.2,284.4,9.99,09/11/2023 19:09:22,16

9.89,0.62,254.5,0.63,255.8,0.68,252.3,285,09/11/2023 19:09:26,16

9.92,0.62,254.5,0.63,255.7,0.68,252.3,284.8,09/11/2023 19:09:26,16

9.97,0.62,254.3,0.63,255.6,0.68,252.2,284.4,09/11/2023 19:09:28,16

9.89,0.62,254.2,0.63,255.5,0.68,252.1,284.2,09/11/2023 19:09:32,16

9.91,0.62,254.1,0.63,255.3,0.68,252,283.8,09/11/2023 19:09:35,16

9.94,0.62,254.2,0.63,255.4,0.68,252,284,09/11/2023 19:09:37,16

9.97,0.62,254.2,0.63,255.3,0.68,251.9,283.8,09/11/2023 19:09:38,16

9.9,0.62,254.3,0.63,255.5,0.68,252,284.2,09/11/2023 19:09:39,16

9.88,0.62,254.4,0.63,255.5,0.68,252.1,284.3,09/11/2023 19:09:41,16

9.86,0.62,254.2,0.63,255.3,0.68,251.9,283.8,09/11/2023 19:09:47,16

9.84,0.62,254.1,0.63,255.4,0.68,252,283.7,09/11/2023 19:09:50,16

9.91,0.62,254.2,0.63,255.3,0.68,252,283.6,09/11/2023 19:09:50,16

0.62,254.2,0.63,255.5,0.68,252.1,284,10.01,09/11/2023 19:09:51,16

9.85,0.62,254.1,0.63,255.4,0.68,252,283.7,09/11/2023 19:09:52,16

9.94,0.62,254.1,0.63,255.3,0.68,252,283.8,09/11/2023 19:09:55,16

9.93,0.62,254.1,0.63,255.4,0.68,252.1,283.9,09/11/2023 19:09:57,16

9.9,0.62,254.2,0.63,255.5,0.68,252.1,284.1,09/11/2023 19:09:59,16

9.82,0.62,254.3,0.63,255.5,0.68,252.1,284,09/11/2023 19:10:01,16

9.89,0.62,254.2,0.63,255.4,0.68,252.1,284.1,09/11/2023 19:10:03,16

9.88,0.62,254.1,0.63,255.3,0.68,251.9,283.6,09/11/2023 19:10:06,16

9.94,0.62,254.1,0.63,255.4,0.68,251.9,283.8,09/11/2023 19:10:07,16

9.87,0.62,254,0.63,255.4,0.68,251.9,283.6,09/11/2023 19:10:10,16

9.86,0.62,254.1,0.63,255.4,0.68,251.8,283.7,09/11/2023 19:10:12,16

9.83,0.62,254,0.63,254.9,0.68,252,283.4,09/11/2023 19:10:14,16

9.91,0.62,254.1,0.63,255,0.68,252.2,283.7,09/11/2023 19:10:16,16

9.93,0.62,254.3,0.63,255.1,0.68,252.2,283.9,09/11/2023 19:10:20,16

10.03,0.62,254.2,0.63,255.1,0.68,252.3,283.7,09/11/2023 19:10:21,16

9.87,0.62,254.3,0.63,255.1,0.68,252.3,284.1,09/11/2023 19:10:23,16

9.87,0.62,254.2,0.63,255,0.68,252.2,283.9,09/11/2023 19:10:25,16

9.93,0.62,254.2,0.63,255.1,0.68,252.2,283.8,09/11/2023 19:10:27,16

9.91,0.62,254.2,0.63,255,0.68,252.2,284,09/11/2023 19:10:32,16

9.97,0.62,254.1,0.63,255,0.68,252,283.6,09/11/2023 19:10:32,16

9.89,0.62,254,0.63,254.9,0.68,252,283.7,09/11/2023 19:10:36,16

0.62,254,0.63,254.8,0.68,251.9,283.3,9.91,09/11/2023 19:10:38,16

9.96,0.62,253.9,0.63,254.9,0.68,252,283.3,09/11/2023 19:10:41,16

9.95,0.62,253.9,0.63,254.8,0.68,251.9,283.2,09/11/2023 19:10:41,16

9.86,0.62,253.9,0.63,254.9,0.68,251.9,283.2,09/11/2023 19:10:43,16

9.93,0.62,253.8,0.62,254.7,0.68,251.7,283.1,09/11/2023 19:10:45,16

9.82,0.62,253.9,0.63,254.8,0.68,251.7,283.3,09/11/2023 19:10:47,16

9.95,0.62,253.9,0.63,254.8,0.68,251.6,282.8,09/11/2023 19:10:49,16

9.99,0.62,253.9,0.63,254.9,0.68,251.7,283.2,09/11/2023 19:10:51,16

9.84,0.62,253.9,0.62,254.8,0.68,251.7,282.9,09/11/2023 19:10:54,16

9.86,0.62,254,0.62,255.2,0.68,251.5,283.5,09/11/2023 19:10:56,16

10.03,0.62,253.9,0.62,255.3,0.68,251.5,282.9,09/11/2023 19:10:58,16

9.82,0.62,253.9,0.62,255.2,0.68,251.5,283.2,09/11/2023 19:11:01,16

9.89,0.62,253.8,0.62,255.2,0.68,251.5,283,09/11/2023 19:11:02,16

9.88,0.62,254,0.62,255.3,0.68,251.7,283.4,09/11/2023 19:11:05,16

9.87,0.62,254,0.63,255.4,0.68,251.7,283.5,09/11/2023 19:11:07,16

9.88,0.62,254.1,0.62,255.5,0.68,251.7,283.3,09/11/2023 19:11:09,16

9.91,0.62,254.1,0.63,255.5,0.68,251.7,283.2,09/11/2023 19:11:11,16

9.92,0.62,254,0.63,255.4,0.68,251.8,283.1,09/11/2023 19:11:14,16

9.87,0.62,254.1,0.63,255.4,0.68,251.8,283.3,09/11/2023 19:11:16,16

9.92,0.62,249.9,0.62,251.4,0.7,248.8,278,09/11/2023 19:11:18,16

9.88,0.62,253.6,0.62,254.8,0.68,251.2,282.5,09/11/2023 19:11:20,16

9.94,0.62,253.4,0.62,254.6,0.68,251.1,282.2,09/11/2023 19:11:22,16

9.89,0.62,252.9,0.62,253.9,0.68,250.6,281.1,09/11/2023 19:11:24,16

9.96,0.62,252.3,0.62,253.5,0.67,250,279.2,09/11/2023 19:11:26,16

9.93,0.62,251.7,0.62,252.8,0.67,249.5,278.3,09/11/2023 19:11:29,16

9.94,0.62,251.5,0.62,252.7,0.67,249.4,277.9,09/11/2023 19:11:31,16

9.86,0.62,251.4,0.62,252.5,0.67,249.2,277.7,09/11/2023 19:11:33,16

9.96,0.62,251.4,0.62,252.6,0.67,249.2,277.4,09/11/2023 19:11:36,16

9.89,0.62,251.3,0.62,252.5,0.67,249.1,277.7,09/11/2023 19:11:37,16

9.9,0.62,252.6,0.62,253.8,0.68,250.4,280.8,09/11/2023 19:11:40,16

9.98,0.62,252.7,0.62,253.9,0.68,250.5,280.8,09/11/2023 19:11:44,16

0.62,252.9,0.62,254,0.68,250.6,281.1,9.87,09/11/2023 19:11:45,16

9.93,0.62,252.9,0.62,254.1,0.68,250.8,281.4,09/11/2023 19:11:47,16

10,0.62,253,0.62,254,0.68,250.7,281.2,09/11/2023 19:11:49,16

9.84,0.62,253.1,0.62,254.2,0.68,250.8,281.4,09/11/2023 19:11:51,16

9.97,0.62,253.7,0.62,254.9,0.68,251.6,283.6,09/11/2023 19:11:53,16

9.96,0.62,254.6,0.63,255.9,0.68,252.2,284.7,09/11/2023 19:11:55,16

9.9,0.62,254.6,0.63,256,0.68,252.4,284.8,09/11/2023 19:11:58,16

9.94,0.62,254.7,0.63,256.1,0.68,252.5,285.2,09/11/2023 19:12:00,16

9.92,0.62,254.7,0.63,256,0.68,252.4,285.1,09/11/2023 19:12:02,16

9.91,0.62,254.6,0.63,255.9,0.68,252.3,285,09/11/2023 19:12:05,16

9.92,0.62,254.7,0.63,255.9,0.68,252.3,285.1,09/11/2023 19:12:06,16

9.84,0.62,254.5,0.63,255.8,0.68,252.3,284.6,09/11/2023 19:12:08,16

9.89,0.62,254.6,0.63,255.8,0.68,252.2,284.6,09/11/2023 19:12:11,16

10.05,0.62,254.4,0.63,255.7,0.68,252.1,284.3,09/11/2023 19:12:13,16

9.87,0.62,254.4,0.63,255.6,0.68,252.1,284.3,09/11/2023 19:12:15,16

9.86,0.62,254.4,0.63,255.7,0.68,252,284.1,09/11/2023 19:12:21,16

0.62,254.3,0.63,255.6,0.68,251.9,284.3,9.89,09/11/2023 19:12:21,16

9.96,0.62,254.2,0.63,255.4,0.69,251.9,284.2,09/11/2023 19:12:23,16

0.62,9.86,254.4,0.63,255.5,0.69,252,284.2,09/11/2023 19:12:24,16

9.94,0.62,254.3,0.63,255.4,0.68,252,284.2,09/11/2023 19:12:26,16

9.97,0.62,254.4,0.63,255.5,0.68,252,284.5,09/11/2023 19:12:30,16

9.88,0.62,254.3,0.63,255.2,0.67,252.1,283.1,09/11/2023 19:12:31,16

9.81,0.62,253.7,0.63,254.1,0.68,252.2,283.5,09/11/2023 19:12:34,16

9.85,0.62,253.8,0.63,254.2,0.68,252.2,283.2,09/11/2023 19:12:37,16

9.93,0.62,254.5,0.63,255.6,0.68,252.1,284.2,09/11/2023 19:12:39,16

9.94,0.62,254.6,0.63,255.6,0.68,252.1,284.3,09/11/2023 19:12:39,16

9.98,0.62,254.5,0.63,255.6,0.68,252.1,284.3,09/11/2023 19:12:43,16

9.89,0.62,254.4,0.63,255.6,0.68,252.1,284.1,09/11/2023 19:12:54,16

9.95,0.62,254.5,0.63,255.7,0.68,252.2,284.4,09/11/2023 19:12:54,16

0.62,254.5,0.63,255.6,0.68,252.1,284.2,9.94,09/11/2023 19:12:54,16

9.98,0.62,254.4,0.63,255.6,0.68,252.1,284,09/11/2023 19:12:57,16

9.97,0.62,254.5,0.63,255.6,0.68,252.2,284.7,09/11/2023 19:12:57,16

9.93,0.62,254.5,0.63,255.7,0.68,252.2,284.6,09/11/2023 19:12:59,16

9.94,0.62,254.6,0.63,255.7,0.68,252.3,284.3,09/11/2023 19:13:03,16

9.89,0.62,254.5,0.63,255.7,0.68,252.3,284.2,09/11/2023 19:13:04,16

9.93,0.62,254.5,0.63,255.7,0.68,252.2,284.3,09/11/2023 19:13:13,16

0.62,254.4,0.63,255.5,0.68,252,284,10.01,09/11/2023 19:13:13,16

9.94,0.62,254.4,0.63,255.5,0.68,252,283.7,09/11/2023 19:13:22,16

10.06,0.62,254.5,0.63,255.6,0.68,252.2,284.1,09/11/2023 19:13:22,16

0.62,254.3,0.63,255.4,0.68,252.1,284,9.89,09/11/2023 19:13:22,16

9.84,0.62,254.4,0.63,255.6,0.68,252.3,284,09/11/2023 19:13:23,16

9.86,0.62,254.6,0.63,255.8,0.68,252.4,284.4,09/11/2023 19:13:25,16

9.97,0.62,254.7,0.63,255.8,0.68,252.4,284.6,09/11/2023 19:13:27,16

9.84,0.62,254.7,0.63,255.8,0.68,252.4,284.5,09/11/2023 19:13:30,16

9.93,0.62,254.5,0.63,255.7,0.68,252.3,284.3,09/11/2023 19:13:32,16

9.89,0.62,254.6,0.63,255.6,0.68,252.2,284.3,09/11/2023 19:13:35,16

9.88,0.62,254.5,0.63,255.6,0.68,252.2,284.4,09/11/2023 19:13:36,16

9.92,0.62,254.5,0.63,255.6,0.68,252.2,284.3,09/11/2023 19:13:39,16

9.97,0.62,254.5,0.63,255.7,0.68,252.3,284.8,09/11/2023 19:13:41,16

9.95,0.62,254.5,0.63,255.6,0.68,252.2,284.4,09/11/2023 19:13:43,16

9.9,0.62,254.4,0.63,255.5,0.69,252.1,284.5,09/11/2023 19:13:45,16

9.91,0.62,254.3,0.63,255.6,0.68,252.2,284.4,09/11/2023 19:13:47,16

9.88,0.62,254.3,0.63,255.5,0.68,252,284.6,09/11/2023 19:13:52,16

0.62,254.4,0.63,255.7,0.68,252.2,284.7,9.84,09/11/2023 19:13:52,16

9.87,0.62,254.6,0.63,255.8,0.68,252.5,285.1,09/11/2023 19:13:54,16

9.87,0.62,254.8,0.63,255.8,0.68,252.6,285.1,09/11/2023 19:13:58,16

0.62,254.8,0.63,256,0.68,252.7,285.1,9.99,09/11/2023 19:13:59,16

9.97,0.62,254.8,0.63,255.9,0.68,252.6,285.4,09/11/2023 19:14:01,16

9.94,0.62,254.6,0.63,255.8,0.68,252.5,285.2,09/11/2023 19:14:03,16

9.92,0.62,254.6,0.63,255.8,0.68,252.5,284.9,09/11/2023 19:14:05,16

9.9,0.62,254.7,0.63,255.9,0.68,252.6,285.2,09/11/2023 19:14:07,16

9.93,0.62,254.7,0.63,255.9,0.68,252.6,285.4,09/11/2023 19:14:10,16

9.92,0.62,254.7,0.63,255.9,0.68,252.5,285.1,09/11/2023 19:14:13,16

9.88,0.62,254.6,0.63,255.9,0.68,252.5,285,09/11/2023 19:14:14,16

9.97,0.62,254.6,0.63,255.7,0.68,252.4,285,09/11/2023 19:14:18,16

9.92,0.62,254.6,0.63,255.8,0.68,252.5,284.6,09/11/2023 19:14:18,16

9.91,0.62,254.7,0.63,255.8,0.68,252.6,284.9,09/11/2023 19:14:22,16

9.93,0.62,254.6,0.63,255.8,0.68,252.5,285.3,09/11/2023 19:14:24,16

9.92,0.62,254.6,0.63,255.7,0.68,252.6,285,09/11/2023 19:14:25,16

9.87,0.62,254.6,0.63,255.7,0.68,252.5,284.8,09/11/2023 19:14:27,16

10.03,0.62,254.7,0.63,255.8,0.68,252.6,285.1,09/11/2023 19:14:31,16

0.62,254.7,0.63,255.8,0.68,252.5,284.9,9.86,09/11/2023 19:14:31,16

9.95,0.62,254.6,0.63,255.8,0.68,252.6,284.9,09/11/2023 19:14:34,16

9.96,0.62,254.6,0.63,255.7,0.68,252.5,284.7,09/11/2023 19:14:36,16

9.89,0.62,254.5,0.63,255.7,0.68,252.5,284.6,09/11/2023 19:14:38,16

9.95,0.62,254.5,0.63,255.6,0.68,252.5,284.4,09/11/2023 19:14:40,16

9.93,0.62,254.4,0.63,255.6,0.68,252.4,284.4,09/11/2023 19:14:45,16

9.92,0.62,254.4,0.63,255.6,0.68,252.5,284.6,09/11/2023 19:14:45,16

9.89,0.62,254.4,0.63,255.6,0.68,252.5,284.6,09/11/2023 19:14:47,16

0.62,254.5,0.63,255.8,0.68,252.5,284.6,9.86,09/11/2023 19:14:50,16

9.99,0.62,254.3,0.63,255.7,0.68,252.4,284.5,09/11/2023 19:14:52,16

0.62,9.93,254.4,0.63,255.6,0.68,252.4,284.2,09/11/2023 19:14:54,16

9.9,0.62,254.4,0.63,255.7,0.68,252.6,284.6,09/11/2023 19:14:56,16

9.81,0.62,254.5,0.63,255.8,0.68,252.6,284.7,09/11/2023 19:14:58,16

0.62,254.3,0.63,255.5,0.69,252.4,284.7,9.91,09/11/2023 19:15:00,16

9.91,0.62,254.4,0.63,255.6,0.69,252.4,284.6,09/11/2023 19:15:02,16

9.93,0.62,254.3,0.63,255.5,0.68,252.3,284.5,09/11/2023 19:15:10,16

9.99,0.62,254.4,0.63,255.5,0.68,252.4,284.4,09/11/2023 19:15:11,16

0.62,254.3,0.63,255.5,0.68,252.4,284.6,9.84,09/11/2023 19:15:12,16

9.84,254.4,0.63,255.5,0.68,252.4,284.9,0.62,09/11/2023 19:15:15,16

254.3,10,0.63,255.4,0.68,252.3,284.2,0.62,09/11/2023 19:15:15,16

254.3,0.63,255.4,0.68,252.3,284.4,9.9,0.62,09/11/2023 19:15:17,16

254.4,9.9,0.63,255.5,0.68,252.4,284.3,0.62,09/11/2023 19:15:19,16

10,254.3,0.63,255.5,0.68,252.4,284.4,0.62,09/11/2023 19:15:22,16

9.94,254.2,0.63,255.4,0.68,252.2,284.1,0.62,09/11/2023 19:15:24,16

9.98,254.2,0.63,255.4,0.68,252.2,283.9,0.62,09/11/2023 19:15:26,16

9.9,254,0.63,255.3,0.68,252.1,283.6,0.62,09/11/2023 19:15:28,16

9.94,254.2,0.63,255.5,0.68,252.3,284,0.62,09/11/2023 19:15:30,16

254.4,9.89,0.63,255.6,0.68,252.4,284.1,0.62,09/11/2023 19:15:33,16

9.89,254.5,0.63,255.7,0.68,252.5,284.4,0.62,09/11/2023 19:15:35,16

9.95,254.5,0.63,255.8,0.68,252.5,284.7,0.62,09/11/2023 19:15:37,16

9.93,254.5,0.63,255.6,0.68,252.5,284.5,0.62,09/11/2023 19:15:39,16

